feature,mean_abs_shap,mean_shap,shap_std,rank
sensor_4_rolling_mean_5,9.152038288529116,-0.6279839775160936,10.359963857789358,1
sensor_11_rolling_mean_5,6.020006323918698,-0.2629426759304915,6.974293676433896,2
sensor_14_rolling_mean_20,4.985836531664619,0.026854732750614296,5.924968556727276,3
sensor_21_rolling_mean_10,4.851278871152088,-0.8957696102390662,5.294508728400602,4
sensor_4_rolling_mean_10,4.486698655621548,0.24458946618543012,4.906995404793068,5
sensor_13_rolling_mean_20,3.9928084370910812,-0.4198831479315233,4.840196006427364,6
sensor_9_rolling_mean_10,3.9888531746046683,-0.4881577722606879,5.296444246139971,7
sensor_15_rolling_mean_5,3.7432560530491648,-0.03572248938307126,4.148657373925112,8
sensor_15_rolling_mean_10,3.588328519945774,-0.14654892179427526,4.000915292944174,9
sensor_2_rolling_mean_10,3.4921292800909094,1.7052028432506143,3.3343412620169524,10
sensor_3_rolling_mean_10,3.3592344491191404,0.9325534081527027,3.698816160764032,11
sensor_20_rolling_mean_10,3.1954951120854327,-0.3851276663035848,3.4741034900210015,12
sensor_8_rolling_mean_20,3.072486370482678,0.33693605410110555,3.4815440813969425,13
sensor_9_rolling_mean_5,3.006701620856634,-0.5203341137583539,4.058026726136648,14
sensor_6_rolling_std_20,3.002857541039828,-0.25582515666144956,4.121762995082234,15
sensor_9_rolling_std_20,2.6503331659995335,-0.19541715456429976,3.170168076370109,16
sensor_7_rolling_mean_20,2.452126006163071,0.3047623669419411,2.830579428152495,17
sensor_12_rolling_mean_20,2.361580952621093,-0.5345817058137223,2.795349485281257,18
sensor_8_rolling_std_20,2.3257337031248406,-0.32948321888380827,2.828501271612638,19
sensor_20_rolling_mean_20,2.230563636938533,0.2327830993005823,2.529517487285125,20
sensor_15_rolling_mean_20,2.1979185430001205,-0.8990796964377125,2.356406636440556,21
sensor_21_rolling_mean_5,2.0982024048589585,-0.2596731155556364,2.4980235806352438,22
sensor_4_rolling_std_20,2.070538083423736,0.43819678902378495,2.8975661668724433,23
sensor_14_rolling_std_20,2.0682202506927765,0.11293687947616707,2.9484639888505635,24
sensor_2_rolling_mean_5,1.9153976019200738,0.3250265406489681,2.0793466889173278,25
sensor_9_rolling_mean_20,1.831922750703666,0.26953105616908113,2.4611922233517776,26
sensor_4_rolling_mean_20,1.746475181097897,-0.13335066484628016,2.17792842564084,27
sensor_8_rolling_mean_10,1.7416940561191647,-0.04315308366167076,1.9205792039053964,28
sensor_4,1.6852593992686487,-0.009565781793513504,1.8748640502541973,29
sensor_13_rolling_std_20,1.6654741001967077,-0.014420264175773937,2.038324395942391,30
sensor_2_rolling_mean_20,1.640511822594914,-0.545114690547543,2.394837905258452,31
sensor_11_rolling_std_20,1.6080490732808552,0.02369322551708106,1.9620739352383,32
sensor_3_rolling_mean_20,1.5079142339887224,-0.23979234841486485,2.218336990579482,33
sensor_11,1.5000739365952949,-0.30650937268810075,1.722061871932221,34
sensor_7_rolling_mean_5,1.487378343874764,0.10699580659265111,1.6466298856479353,35
sensor_20_rolling_std_20,1.4162295153469435,-0.17156295393443244,2.099562982184028,36
sensor_11_rolling_mean_20,1.3884882799379754,-0.4050735607617101,1.619168323047953,37
sensor_7_rolling_mean_10,1.3862702298231302,0.12601928704381815,1.7201249499302023,38
sensor_3_rolling_std_20,1.3860046014954428,0.0020904542023764123,2.4627162808174377,39
sensor_12_rolling_mean_5,1.3515614973764494,0.0387603485531081,1.5294163441294388,40
sensor_11_rolling_mean_10,1.1246369711331694,0.23832589812678132,1.3758256779131715,41
sensor_17_rolling_mean_20,1.1171062024678624,0.09929697046260443,1.4112720924953168,42
sensor_20_rolling_mean_5,1.0641869809574203,-0.13306281436046685,1.2046339079722146,43
sensor_21_rolling_mean_20,1.0633163884401597,-0.5631271516043661,1.2932456947583386,44
sensor_8_rolling_mean_5,1.0348349643198649,-0.4554869952734029,1.114203243727858,45
sensor_7,1.0330075151752285,0.038833667287031956,1.230837261902455,46
sensor_2,1.0281656746756707,0.16774943017132188,1.148261153737794,47
sensor_6_rolling_std_10,1.0104894443405408,-0.49570057373513515,1.0709762840522647,48
sensor_12_rolling_mean_10,0.9674541104679342,0.1912171874459365,1.202509795332259,49
sensor_15_rolling_std_20,0.9522913283877862,-0.04409636563575183,1.6640132867483883,50
sensor_3_rolling_mean_5,0.9338592455084398,0.29406005912212535,1.0635099120644915,51
sensor_17_rolling_mean_10,0.8844121800980345,0.0795536014937592,1.2457968325094475,52
sensor_17_rolling_std_20,0.8421212007298648,0.17260535149536854,1.4506796754211844,53
sensor_13_rolling_mean_10,0.8405133653732128,-0.15383673576450024,1.0143889141088867,54
sensor_7_rolling_std_20,0.8089677258350663,0.011035665783739572,1.11847565711644,55
sensor_14_rolling_mean_10,0.7760316047127492,0.30321420450965847,1.0586484064543102,56
sensor_13_rolling_mean_5,0.757453139586742,0.07975562997745454,0.9398314977270106,57
sensor_21,0.7323492566585258,-0.0637854884414742,0.8829176264556551,58
sensor_12_rolling_std_20,0.731533261679017,0.07235607738374474,1.15584760813613,59
sensor_3,0.72240526624486,-0.021311106627071252,0.9771313977266842,60
sensor_21_rolling_std_20,0.6990713852091401,0.06111745960653565,1.0116463592064324,61
sensor_9,0.6826847561439803,0.0009620279985749151,0.8949376187865804,62
sensor_12,0.643018956212607,0.04083174317065111,0.7921871777783975,63
sensor_2_rolling_std_20,0.613852210763258,0.042628785071395586,0.8790941778586392,64
sensor_20,0.6089890372278108,-0.07478748893385503,0.7032500905450626,65
sensor_8,0.5885056565591058,-0.016102258186987704,0.6659720186901137,66
sensor_6_rolling_mean_20,0.5367252356503611,0.052422439633619165,0.9285455327964864,67
sensor_15,0.5264301599971155,0.05185497481570024,0.622952819046607,68
sensor_17_rolling_mean_5,0.4642354671798845,0.018875190260395573,0.5957486153463956,69
sensor_11_delta_5,0.44084250453678625,0.012117231297375925,0.6159379720359097,70
sensor_6_rolling_std_5,0.4141276238121032,0.15692861945760692,0.8068819191800494,71
sensor_13,0.4121761793711425,-0.024703380974685506,0.5237214838941477,72
sensor_14_rolling_mean_5,0.4001787147958697,-0.042978988081673226,0.51410657352708,73
sensor_11_rolling_std_10,0.39929755331682065,-0.014318535048555283,0.48363779946249047,74
sensor_14_rolling_std_10,0.3695762515401366,0.0493715159796226,0.5396936483813333,75
sensor_12_delta_5,0.3221086310031634,-0.0026858406184950855,0.3824027157852778,76
sensor_20_rolling_std_10,0.308122549388253,0.026398120681545456,0.3726111237808806,77
sensor_9_rolling_std_10,0.30404706939767523,-0.0011960790474982786,0.39363737048626835,78
sensor_17_rolling_std_10,0.29918266669677296,0.014588524902897786,0.47585303295159836,79
sensor_13_rolling_std_10,0.29660964570927767,-0.014722890623813267,0.404254860939959,80
sensor_21_rolling_std_5,0.2927586666701499,0.012774384836764128,0.34731752066198585,81
sensor_4_rolling_std_10,0.2869622051163931,0.028721869470461913,0.382160486749608,82
sensor_8_delta_5,0.26839828486771744,-0.006286829731525798,0.3378632292454565,83
sensor_12_rolling_std_10,0.25252913931474275,-0.028237044104510316,0.387855985382555,84
sensor_9_rolling_std_5,0.2523845529618831,-0.004503308003342598,0.32611132509831314,85
sensor_3_rolling_std_10,0.2504758739635283,-0.030125167039793614,0.35451796772578575,86
sensor_4_delta_5,0.24152337723240294,0.0019376110094643736,0.29756447282293697,87
sensor_9_delta_5,0.23892464132096805,0.003773496758933662,0.29016488594282075,88
sensor_11_rolling_std_5,0.23712845380127076,-0.010094295011914499,0.35443068062328387,89
sensor_14,0.23547214966623073,0.0383477655876489,0.31614468327807915,90
sensor_13_delta_5,0.23001305210801068,0.007424156076225184,0.30373917977348364,91
sensor_2_rolling_std_10,0.2221496947542059,0.01575903041170221,0.31175672780543606,92
sensor_3_rolling_std_5,0.1971208773686263,-0.009158959828356017,0.35556710370186284,93
sensor_7_rolling_std_10,0.19039702203298278,0.009989978632727272,0.2526021136382881,94
sensor_21_rolling_std_10,0.18797326980458307,-0.012326268407339802,0.33266402422726665,95
sensor_8_rolling_std_10,0.18756592747169434,0.007849589782634888,0.40008326902042635,96
sensor_14_rolling_std_5,0.17962151419815234,0.007647332876324325,0.2606108418272525,97
sensor_15_rolling_std_10,0.16647031175787222,0.014100212753027029,0.2991498742315183,98
sensor_15_rolling_std_5,0.16221839865654838,0.004121654362178868,0.21963487556455544,99
sensor_20_delta_5,0.1526896324963317,-0.006852081293953319,0.25081252931415166,100
sensor_12_rolling_std_5,0.15038160846630347,-0.004620705333546683,0.19843078397145883,101
sensor_15_delta_5,0.14656617407742506,-0.003979273382643735,0.2257037570208242,102
sensor_20_rolling_std_5,0.14302012764620883,0.008444082600990173,0.31738991180126647,103
sensor_7_delta_5,0.13730853724766656,0.0008934836134454551,0.21543777119872198,104
sensor_13_rolling_std_5,0.13514046243884667,5.451344401818183e-05,0.1797680332202273,105
sensor_2_delta_5,0.1277587103686931,0.0024229055038523335,0.17272254418368344,106
sensor_21_delta_5,0.12745268249848893,0.0014039536055454548,0.19206022535832915,107
sensor_7_rolling_std_5,0.12701754249148403,0.005192872517729729,0.2076207205650396,108
sensor_6_rolling_mean_10,0.12565416107560196,0.03186864979550369,0.15572430114015517,109
sensor_17_rolling_std_5,0.12216411946932507,0.012144705055466092,0.14985367638383854,110
sensor_9_delta_1,0.12085470854971574,-0.0048665201245987715,0.19822385059930697,111
sensor_8_rolling_std_5,0.11629633399315994,0.0020326888042601966,0.16355897083506388,112
sensor_14_delta_5,0.10445542067129608,0.0013852681137113021,0.20769905799966448,113
sensor_4_rolling_std_5,0.10051105105449214,-0.002143120011959951,0.17476957646427566,114
sensor_4_delta_1,0.09761635129766462,0.007709618557603193,0.13486242459558917,115
setting_1,0.09705559672211449,0.003756368428420146,0.3726393087982251,116
sensor_2_delta_1,0.09462545388579853,-0.004880435204786242,0.15211638252332305,117
sensor_2_rolling_std_5,0.08992036674048084,0.003349605056346192,0.1272424119226239,118
sensor_3_delta_5,0.08465590671765749,-0.013170669492952827,0.11773468031005489,119
sensor_17_delta_5,0.08444723793371746,0.0007416710516191651,0.12361651836004574,120
sensor_17,0.08371078207508895,0.004652670099626535,0.2062333841843306,121
sensor_14_delta_1,0.08315777968609518,0.004916130006989533,0.12497832957554118,122
sensor_11_delta_1,0.07844859150167814,-0.0003085599923479113,0.13739269353210898,123
sensor_21_delta_1,0.07628768259530327,0.006588860369252654,0.13976164752750936,124
sensor_12_delta_1,0.062477645716366825,0.00036430067528427556,0.14402580013404803,125
setting_2,0.05335423046268772,0.011354573612610072,0.09676723862596179,126
sensor_3_delta_1,0.044227282665152655,-0.00040956852812140047,0.07831730272117698,127
sensor_6,0.04265416706881081,0.005331906666929729,0.181943795528938,128
sensor_7_delta_1,0.04028851111968347,-0.0011470808752148157,0.07990103745084327,129
sensor_8_delta_1,0.03984023234068833,-0.006335887926663022,0.067814825322369,130
sensor_20_delta_1,0.03590457100854963,0.0021011245926769043,0.07523934065665927,131
sensor_13_delta_1,0.03570318867458192,8.202427468068819e-05,0.08524906729879173,132
sensor_15_delta_1,0.03298882676782813,-0.004876029708008968,0.059555375477340716,133
sensor_17_delta_1,0.023082356520720576,0.004393924891356445,0.08254963996863902,134
sensor_6_rolling_mean_5,0.010680006246739558,-0.0008113379315700245,0.029731157681608434,135
sensor_6_delta_1,0.001301455882340295,0.0004951833540233416,0.011061186314814375,136
setting_3,0.0,0.0,0.0,137
sensor_6_delta_5,0.0,0.0,0.0,138
