unit_id,samples,MAE,RMSE,mean_error,max_absolute_error,mean_actual_RUL,mean_predicted_RUL,bias
46,256,43.33296850603074,52.665661156557896,0.41047385241836337,129.12030029296875,127.5,127.91047383828125,0.4104738382812485
84,267,41.81653185819419,53.079651542459246,-41.07939096336508,143.6100845336914,133.0,91.92060919588015,-41.07939080411985
1,192,38.9232619193693,48.51388904592821,36.04497563714782,123.99606323242188,95.5,131.54497578177083,36.04497578177083
31,234,31.185175399494987,39.2916095188183,14.281034044730358,112.3834991455078,116.5,130.78103395726495,14.281033957264953
45,158,31.00545128538639,36.18875340735616,30.809281616271296,114.27011108398438,78.5,109.30928140867088,30.809281408670884
77,154,27.99489085163389,33.66360364887128,27.118674859598084,67.23367309570312,76.5,103.61867505948052,27.118675059480523
23,168,25.565224326437427,32.65191352213638,23.2752346506431,70.02348327636719,83.5,106.77523460565477,23.275234605654774
54,257,23.641244528764418,35.289264530823004,-20.342282171785136,95.60684204101562,128.0,107.65771800143969,-20.34228199856031
81,240,22.89392264174918,30.416532272879,-20.004361437633634,91.92550659179688,119.5,99.49563843152917,-20.004361568470827
74,166,17.827714378575244,21.856949768663075,9.112544336950922,59.78265380859375,82.5,91.61254411024096,9.112544110240961
5,269,17.095691838284406,22.578140845043873,-14.974993935249552,59.344818115234375,134.0,119.02500605193309,-14.97499394806691
71,208,16.544604076788975,23.097086543643794,4.6816906699767475,67.26913452148438,103.5,108.18169053653847,4.6816905365384685
78,231,16.29532355366847,21.64236279149261,14.821235278855154,71.58393859863281,115.0,129.82123525774892,14.821235257748924
40,188,16.175456490922482,23.43143424670045,-14.74268272328884,73.41645812988281,93.5,78.75731712765958,-14.742682872340424
19,158,14.984044545813452,21.21285861914436,10.025553655020799,55.86479187011719,78.5,88.52555364683543,10.025553646835434
11,240,14.030180220802626,18.83212355167132,-6.614384678006172,59.85627746582031,119.5,112.88561516083334,-6.614384839166661
13,163,12.796120312316287,17.917336730173687,10.905077127591232,124.078369140625,81.0,91.90507700674847,10.90507700674847
34,195,11.54675916158236,15.613440556936437,-7.5569406448266445,48.971771240234375,97.0,89.44305930820512,-7.556940691794878
32,191,11.210099030539627,14.374646500458082,-5.6723845167309825,44.60279846191406,95.0,89.3276155026178,-5.672384497382197
91,135,7.77436569708365,11.884908872938727,5.0775864954347965,50.19520568847656,67.0,72.07758656296296,5.0775865629629635
