sensor,variance,spearman_cycle_corr,spearman_rul_corr,absolute_cycle_corr,absolute_rul_corr
sensor_11,0.0713356785121139,0.615044412163115,-0.7181317192085387,0.615044412163115,0.7181317192085387
sensor_4,81.01088641554637,0.605036043897147,-0.7017713035513337,0.605036043897147,0.7017713035513337
sensor_12,0.5439850063600523,-0.5928111991119674,0.6931487099104524,0.5928111991119674,0.6931487099104524
sensor_7,0.7833883045757074,-0.5777018531350427,0.6788452278745494,0.5777018531350427,0.6788452278745494
sensor_15,0.001406627871778449,0.5708048548423553,-0.6659053348298762,0.5708048548423553,0.6659053348298762
sensor_21,0.011718251883038698,-0.569531596182599,0.6574169005272447,0.569531596182599,0.6574169005272447
sensor_20,0.032669271189088474,-0.5682589154511596,0.6533362855586343,0.5682589154511596,0.6533362855586343
sensor_17,2.3986669064124313,0.5531359244071444,-0.6293968932564037,0.5531359244071444,0.6293968932564037
sensor_2,0.2500532728983226,0.5343836925665388,-0.6285880946546006,0.5343836925665388,0.6285880946546006
sensor_3,37.59099443280496,0.5287003597989854,-0.605608784737752,0.5287003597989854,0.605608784737752
sensor_8,0.005038938213373842,0.4550350160560209,-0.573863934938421,0.4550350160560209,0.573863934938421
sensor_13,0.005172330435259189,0.4580904696124819,-0.5725486856446357,0.4580904696124819,0.5725486856446357
sensor_9,487.65356811858936,0.4018179330067723,-0.3220138941072293,0.4018179330067723,0.3220138941072293
sensor_14,363.90048986553046,0.29392527673727165,-0.20179200353811325,0.29392527673727165,0.20179200353811325
sensor_6,1.9292790877285376e-06,0.11065515123329601,-0.12806982606839049,0.11065515123329601,0.12806982606839049
sensor_1,0.0,,,,
sensor_5,2.840036917509108e-29,,,,
sensor_10,0.0,,,,
sensor_16,1.203764562610672e-35,,,,
sensor_18,0.0,,,,
sensor_19,0.0,,,,
