feature,dtype,missing_values,feature_type
unit_id,int64,0,identifier
cycle,int64,0,identifier
setting_1,float64,0,other
setting_2,float64,0,other
setting_3,float64,0,other
sensor_2,float64,0,sensor_or_engineered
sensor_3,float64,0,sensor_or_engineered
sensor_4,float64,0,sensor_or_engineered
sensor_6,float64,0,sensor_or_engineered
sensor_7,float64,0,sensor_or_engineered
sensor_8,float64,0,sensor_or_engineered
sensor_9,float64,0,sensor_or_engineered
sensor_11,float64,0,sensor_or_engineered
sensor_12,float64,0,sensor_or_engineered
sensor_13,float64,0,sensor_or_engineered
sensor_14,float64,0,sensor_or_engineered
sensor_15,float64,0,sensor_or_engineered
sensor_17,int64,0,sensor_or_engineered
sensor_20,float64,0,sensor_or_engineered
sensor_21,float64,0,sensor_or_engineered
RUL,int64,0,target
sensor_2_rolling_mean_5,float64,100,sensor_or_engineered
sensor_2_rolling_std_5,float64,200,sensor_or_engineered
sensor_2_rolling_mean_10,float64,100,sensor_or_engineered
sensor_2_rolling_std_10,float64,200,sensor_or_engineered
sensor_2_rolling_mean_20,float64,100,sensor_or_engineered
sensor_2_rolling_std_20,float64,200,sensor_or_engineered
sensor_3_rolling_mean_5,float64,100,sensor_or_engineered
sensor_3_rolling_std_5,float64,200,sensor_or_engineered
sensor_3_rolling_mean_10,float64,100,sensor_or_engineered
sensor_3_rolling_std_10,float64,200,sensor_or_engineered
sensor_3_rolling_mean_20,float64,100,sensor_or_engineered
sensor_3_rolling_std_20,float64,200,sensor_or_engineered
sensor_4_rolling_mean_5,float64,100,sensor_or_engineered
sensor_4_rolling_std_5,float64,200,sensor_or_engineered
sensor_4_rolling_mean_10,float64,100,sensor_or_engineered
sensor_4_rolling_std_10,float64,200,sensor_or_engineered
sensor_4_rolling_mean_20,float64,100,sensor_or_engineered
sensor_4_rolling_std_20,float64,200,sensor_or_engineered
sensor_6_rolling_mean_5,float64,100,sensor_or_engineered
sensor_6_rolling_std_5,float64,200,sensor_or_engineered
sensor_6_rolling_mean_10,float64,100,sensor_or_engineered
sensor_6_rolling_std_10,float64,200,sensor_or_engineered
sensor_6_rolling_mean_20,float64,100,sensor_or_engineered
sensor_6_rolling_std_20,float64,200,sensor_or_engineered
sensor_7_rolling_mean_5,float64,100,sensor_or_engineered
sensor_7_rolling_std_5,float64,200,sensor_or_engineered
sensor_7_rolling_mean_10,float64,100,sensor_or_engineered
sensor_7_rolling_std_10,float64,200,sensor_or_engineered
sensor_7_rolling_mean_20,float64,100,sensor_or_engineered
sensor_7_rolling_std_20,float64,200,sensor_or_engineered
sensor_8_rolling_mean_5,float64,100,sensor_or_engineered
sensor_8_rolling_std_5,float64,200,sensor_or_engineered
sensor_8_rolling_mean_10,float64,100,sensor_or_engineered
sensor_8_rolling_std_10,float64,200,sensor_or_engineered
sensor_8_rolling_mean_20,float64,100,sensor_or_engineered
sensor_8_rolling_std_20,float64,200,sensor_or_engineered
sensor_9_rolling_mean_5,float64,100,sensor_or_engineered
sensor_9_rolling_std_5,float64,200,sensor_or_engineered
sensor_9_rolling_mean_10,float64,100,sensor_or_engineered
sensor_9_rolling_std_10,float64,200,sensor_or_engineered
sensor_9_rolling_mean_20,float64,100,sensor_or_engineered
sensor_9_rolling_std_20,float64,200,sensor_or_engineered
sensor_11_rolling_mean_5,float64,100,sensor_or_engineered
sensor_11_rolling_std_5,float64,200,sensor_or_engineered
sensor_11_rolling_mean_10,float64,100,sensor_or_engineered
sensor_11_rolling_std_10,float64,200,sensor_or_engineered
sensor_11_rolling_mean_20,float64,100,sensor_or_engineered
sensor_11_rolling_std_20,float64,200,sensor_or_engineered
sensor_12_rolling_mean_5,float64,100,sensor_or_engineered
sensor_12_rolling_std_5,float64,200,sensor_or_engineered
sensor_12_rolling_mean_10,float64,100,sensor_or_engineered
sensor_12_rolling_std_10,float64,200,sensor_or_engineered
sensor_12_rolling_mean_20,float64,100,sensor_or_engineered
sensor_12_rolling_std_20,float64,200,sensor_or_engineered
sensor_13_rolling_mean_5,float64,100,sensor_or_engineered
sensor_13_rolling_std_5,float64,200,sensor_or_engineered
sensor_13_rolling_mean_10,float64,100,sensor_or_engineered
sensor_13_rolling_std_10,float64,200,sensor_or_engineered
sensor_13_rolling_mean_20,float64,100,sensor_or_engineered
sensor_13_rolling_std_20,float64,200,sensor_or_engineered
sensor_14_rolling_mean_5,float64,100,sensor_or_engineered
sensor_14_rolling_std_5,float64,200,sensor_or_engineered
sensor_14_rolling_mean_10,float64,100,sensor_or_engineered
sensor_14_rolling_std_10,float64,200,sensor_or_engineered
sensor_14_rolling_mean_20,float64,100,sensor_or_engineered
sensor_14_rolling_std_20,float64,200,sensor_or_engineered
sensor_15_rolling_mean_5,float64,100,sensor_or_engineered
sensor_15_rolling_std_5,float64,200,sensor_or_engineered
sensor_15_rolling_mean_10,float64,100,sensor_or_engineered
sensor_15_rolling_std_10,float64,200,sensor_or_engineered
sensor_15_rolling_mean_20,float64,100,sensor_or_engineered
sensor_15_rolling_std_20,float64,200,sensor_or_engineered
sensor_17_rolling_mean_5,float64,100,sensor_or_engineered
sensor_17_rolling_std_5,float64,200,sensor_or_engineered
sensor_17_rolling_mean_10,float64,100,sensor_or_engineered
sensor_17_rolling_std_10,float64,200,sensor_or_engineered
sensor_17_rolling_mean_20,float64,100,sensor_or_engineered
sensor_17_rolling_std_20,float64,200,sensor_or_engineered
sensor_20_rolling_mean_5,float64,100,sensor_or_engineered
sensor_20_rolling_std_5,float64,200,sensor_or_engineered
sensor_20_rolling_mean_10,float64,100,sensor_or_engineered
sensor_20_rolling_std_10,float64,200,sensor_or_engineered
sensor_20_rolling_mean_20,float64,100,sensor_or_engineered
sensor_20_rolling_std_20,float64,200,sensor_or_engineered
sensor_21_rolling_mean_5,float64,100,sensor_or_engineered
sensor_21_rolling_std_5,float64,200,sensor_or_engineered
sensor_21_rolling_mean_10,float64,100,sensor_or_engineered
sensor_21_rolling_std_10,float64,200,sensor_or_engineered
sensor_21_rolling_mean_20,float64,100,sensor_or_engineered
sensor_21_rolling_std_20,float64,200,sensor_or_engineered
sensor_2_delta_1,float64,100,sensor_or_engineered
sensor_2_delta_5,float64,500,sensor_or_engineered
sensor_3_delta_1,float64,100,sensor_or_engineered
sensor_3_delta_5,float64,500,sensor_or_engineered
sensor_4_delta_1,float64,100,sensor_or_engineered
sensor_4_delta_5,float64,500,sensor_or_engineered
sensor_6_delta_1,float64,100,sensor_or_engineered
sensor_6_delta_5,float64,500,sensor_or_engineered
sensor_7_delta_1,float64,100,sensor_or_engineered
sensor_7_delta_5,float64,500,sensor_or_engineered
sensor_8_delta_1,float64,100,sensor_or_engineered
sensor_8_delta_5,float64,500,sensor_or_engineered
sensor_9_delta_1,float64,100,sensor_or_engineered
sensor_9_delta_5,float64,500,sensor_or_engineered
sensor_11_delta_1,float64,100,sensor_or_engineered
sensor_11_delta_5,float64,500,sensor_or_engineered
sensor_12_delta_1,float64,100,sensor_or_engineered
sensor_12_delta_5,float64,500,sensor_or_engineered
sensor_13_delta_1,float64,100,sensor_or_engineered
sensor_13_delta_5,float64,500,sensor_or_engineered
sensor_14_delta_1,float64,100,sensor_or_engineered
sensor_14_delta_5,float64,500,sensor_or_engineered
sensor_15_delta_1,float64,100,sensor_or_engineered
sensor_15_delta_5,float64,500,sensor_or_engineered
sensor_17_delta_1,float64,100,sensor_or_engineered
sensor_17_delta_5,float64,500,sensor_or_engineered
sensor_20_delta_1,float64,100,sensor_or_engineered
sensor_20_delta_5,float64,500,sensor_or_engineered
sensor_21_delta_1,float64,100,sensor_or_engineered
sensor_21_delta_5,float64,500,sensor_or_engineered
