unit_id,observations,latest_cycle,minimum_predicted_RUL,latest_predicted_RUL,critical_observations,warning_observations,critical_rate,warning_rate,mean_absolute_error,maximum_absolute_error,maintenance_priority_score,priority_band
91,135,135,-1.7356144,-0.9402797,19,31,0.14074074074074075,0.22962962962962963,7.77436569708365,50.19520568847656,16.74074074074074,Normal
19,158,158,1.7430267,2.235605,17,43,0.10759493670886076,0.2721518987341772,14.984044545813452,55.86479187011719,15.696202531645572,Normal
32,191,191,4.4677234,7.7893534,26,31,0.13612565445026178,0.16230366492146597,11.210099030539627,44.60279846191406,14.397905759162304,Normal
40,188,188,1.4328942,1.4328942,21,36,0.11170212765957446,0.19148936170212766,16.175456490922482,73.41645812988281,13.563829787234042,Normal
23,168,168,0.22982115,0.22982115,17,27,0.10119047619047619,0.16071428571428573,25.565224326437427,70.02348327636719,11.904761904761905,Normal
34,195,195,3.3753464,3.3753464,13,45,0.06666666666666667,0.23076923076923078,11.54675916158236,48.971771240234375,11.589743589743591,Normal
74,166,166,-4.3309803,-3.0791264,19,19,0.1144578313253012,0.1144578313253012,17.827714378575244,59.78265380859375,11.44578313253012,Normal
84,267,267,4.603422,4.638524,23,45,0.08614232209737828,0.16853932584269662,41.81653185819419,143.6100845336914,11.086142322097377,Normal
13,163,163,0.4497227,1.1076028,12,29,0.0736196319018405,0.17791411042944785,12.796120312316287,124.078369140625,10.49079754601227,Normal
81,240,240,-0.022107333,3.6320107,22,32,0.09166666666666666,0.13333333333333333,22.89392264174918,91.92550659179688,10.416666666666666,Normal
71,208,208,2.7282705,2.7282705,16,34,0.07692307692307693,0.16346153846153846,16.544604076788975,67.26913452148438,10.28846153846154,Normal
5,269,269,0.06956513,0.06956513,26,31,0.09665427509293681,0.11524163568773234,17.095691838284406,59.344818115234375,10.223048327137546,Normal
45,158,158,-0.70086503,2.1566339,17,12,0.10759493670886076,0.0759493670886076,31.00545128538639,114.27011108398438,9.810126582278482,Normal
54,257,257,0.08571382,0.87193865,21,31,0.08171206225680934,0.12062256809338522,23.641244528764418,95.60684204101562,9.33852140077821,Normal
11,240,240,2.550439,2.550439,18,30,0.075,0.125,14.030180220802626,59.85627746582031,9.0,Normal
77,154,154,0.36171556,1.4801311,10,22,0.06493506493506493,0.14285714285714285,27.99489085163389,67.23367309570312,8.831168831168831,Normal
1,192,192,3.073026,6.2544312,10,28,0.052083333333333336,0.14583333333333334,38.9232619193693,123.99606323242188,8.020833333333334,Normal
31,234,234,0.9654633,4.531851,14,24,0.05982905982905983,0.10256410256410256,31.185175399494987,112.3834991455078,7.264957264957265,Normal
78,231,231,0.35666344,2.8696806,18,10,0.07792207792207792,0.04329004329004329,16.29532355366847,71.58393859863281,6.753246753246753,Normal
46,256,256,1.290376,1.290376,15,22,0.05859375,0.0859375,43.33296850603074,129.12030029296875,6.6796875,Normal
