sensor,unique_values,missing_values,mean,std,variance,minimum,maximum,range,zero_variance
sensor_1,1,0,518.67,0.0,0.0,518.67,518.67,0.0,True
sensor_2,310,0,642.6809335466046,0.5000532700606232,0.2500532728983226,641.21,644.53,3.3199999999999363,False
sensor_3,3012,0,1590.5231186079202,6.131149519690819,37.59099443280496,1571.04,1616.91,45.87000000000012,False
sensor_4,4051,0,1408.9337816877514,9.000604780543714,81.01088641554637,1382.25,1441.49,59.24000000000001,False
sensor_5,1,0,14.620000000000005,5.329199674912836e-15,2.840036917509108e-29,14.62,14.62,0.0,False
sensor_6,2,0,21.609803208763513,0.0013889849127073114,1.9292790877285376e-06,21.6,21.61,0.00999999999999801,False
sensor_7,513,0,553.367711211284,0.8850922576634073,0.7833883045757074,549.85,556.06,6.209999999999923,False
sensor_8,53,0,2388.0966516407348,0.07098547889092417,0.005038938213373842,2387.9,2388.56,0.6599999999998545,False
sensor_9,6403,0,9065.242940720276,22.082879525066232,487.65356811858936,9021.73,9244.59,222.86000000000058,False
sensor_10,1,0,1.3,0.0,0.0,1.3,1.3,0.0,True
sensor_11,159,0,47.54116814502448,0.2670873986396848,0.0713356785121139,46.85,48.53,1.6799999999999997,False
sensor_12,427,0,521.4134700208424,0.7375533922097114,0.5439850063600523,518.69,523.38,4.689999999999941,False
sensor_13,56,0,2388.0961523920314,0.07191891569857814,0.005172330435259189,2387.88,2388.56,0.6799999999998363,False
sensor_14,6078,0,8143.752722117203,19.076175975953106,363.90048986553046,8099.94,8293.72,193.77999999999975,False
sensor_15,1918,0,8.442145581891328,0.03750503795196652,0.001406627871778449,8.3249,8.5848,0.2599,False
sensor_16,1,0,0.030000000000000002,3.469531038354711e-18,1.203764562610672e-35,0.03,0.03,0.0,False
sensor_17,13,0,393.2106538703892,1.548763024614299,2.3986669064124313,388.0,400.0,12.0,False
sensor_18,1,0,2388.0,0.0,0.0,2388.0,2388.0,0.0,True
sensor_19,1,0,100.0,0.0,0.0,100.0,100.0,0.0,True
sensor_20,120,0,38.81627066065629,0.18074642787366083,0.032669271189088474,38.14,39.43,1.2899999999999991,False
sensor_21,4745,0,23.289705360864716,0.10825087474491234,0.011718251883038698,22.8942,23.6184,0.7241999999999997,False
