sensor,pearson_cycle_corr,spearman_cycle_corr,absolute_pearson,absolute_spearman
sensor_11,0.6343845048360569,0.615044412163115,0.6343845048360569,0.615044412163115
sensor_4,0.6245771663318034,0.605036043897147,0.6245771663318034,0.605036043897147
sensor_12,-0.6113536330275967,-0.5928111991119674,0.6113536330275967,0.5928111991119674
sensor_7,-0.5959135558088288,-0.5777018531350427,0.5959135558088288,0.5777018531350427
sensor_15,0.5886757839101254,0.5708048548423553,0.5886757839101254,0.5708048548423553
sensor_21,-0.5859233821213257,-0.569531596182599,0.5859233821213257,0.569531596182599
sensor_20,-0.5835968919059379,-0.5682589154511596,0.5835968919059379,0.5682589154511596
sensor_17,0.566994911452348,0.5531359244071444,0.566994911452348,0.5531359244071444
sensor_2,0.5498980406467344,0.5343836925665388,0.5498980406467344,0.5343836925665388
sensor_3,0.5439469967381755,0.5287003597989854,0.5439469967381755,0.5287003597989854
sensor_13,0.47752296349693596,0.4580904696124819,0.47752296349693596,0.4580904696124819
sensor_8,0.4759773188586994,0.4550350160560209,0.4759773188586994,0.4550350160560209
sensor_9,0.4439993472392903,0.4018179330067723,0.4439993472392903,0.4018179330067723
sensor_14,0.37032363419775605,0.29392527673727165,0.37032363419775605,0.29392527673727165
sensor_6,0.10597998498960569,0.11065515123329601,0.10597998498960569,0.11065515123329601
sensor_1,,,,
sensor_5,,,,
sensor_10,,,,
sensor_16,,,,
sensor_18,,,,
sensor_19,,,,
