sensor,pearson_rul_corr,spearman_rul_corr,absolute_pearson,absolute_spearman
sensor_11,-0.6962281014554194,-0.7181317192085387,0.6962281014554194,0.7181317192085387
sensor_4,-0.6789482333860462,-0.7017713035513337,0.6789482333860462,0.7017713035513337
sensor_12,0.67198310361329,0.6931487099104524,0.67198310361329,0.6931487099104524
sensor_7,0.6572226620548836,0.6788452278745494,0.6572226620548836,0.6788452278745494
sensor_15,-0.6426670441973743,-0.6659053348298762,0.6426670441973743,0.6659053348298762
sensor_21,0.6356620421802919,0.6574169005272447,0.6356620421802919,0.6574169005272447
sensor_20,0.6294284994377345,0.6533362855586343,0.6294284994377345,0.6533362855586343
sensor_17,-0.6061535537829665,-0.6293968932564037,0.6061535537829665,0.6293968932564037
sensor_2,-0.6064839743783383,-0.6285880946546006,0.6064839743783383,0.6285880946546006
sensor_3,-0.5845203909175872,-0.605608784737752,0.5845203909175872,0.605608784737752
sensor_8,-0.563968406577184,-0.573863934938421,0.563968406577184,0.573863934938421
sensor_13,-0.562568825149556,-0.5725486856446357,0.562568825149556,0.5725486856446357
sensor_9,-0.39010157491807107,-0.3220138941072293,0.39010157491807107,0.3220138941072293
sensor_14,-0.30676887025758465,-0.20179200353811325,0.30676887025758465,0.20179200353811325
sensor_6,-0.12834844847413882,-0.12806982606839049,0.12834844847413882,0.12806982606839049
sensor_1,,,,
sensor_5,,,,
sensor_10,,,,
sensor_16,,,,
sensor_18,,,,
sensor_19,,,,
