rank,feature,importance_mean,importance_std
1,sensor_4_rolling_mean_5,3.7484874725341797,0.10428279997747723
2,sensor_11_rolling_mean_5,3.3939884185791014,0.11943587473412932
3,sensor_4_rolling_mean_10,2.571722412109375,0.09918379279281533
4,sensor_2_rolling_mean_10,1.8744823455810546,0.03750998206139481
5,sensor_3_rolling_mean_10,1.7490501403808594,0.0336888659813602
6,sensor_21_rolling_mean_10,1.5210456848144531,0.0919423911774391
7,sensor_13_rolling_mean_20,1.3073333740234374,0.0941018815038769
8,sensor_12_rolling_mean_20,1.1648265838623046,0.08289434987670148
9,sensor_15_rolling_mean_10,1.1203128814697265,0.01655663156767905
10,sensor_6_rolling_std_20,1.0964469909667969,0.09879812970108524
11,sensor_8_rolling_mean_20,1.0042015075683595,0.10068762584109942
12,sensor_14_rolling_mean_20,0.9854721069335938,0.12132923600615778
13,sensor_15_rolling_mean_5,0.9617881774902344,0.019823123506418797
14,sensor_15_rolling_mean_20,0.9276817321777344,0.08151726410908959
15,sensor_2_rolling_mean_5,0.9262989044189454,0.03908541209711419
16,sensor_21_rolling_mean_5,0.8879756927490234,0.050832089206623236
17,sensor_7_rolling_mean_20,0.8733982086181641,0.06480008398184046
18,sensor_9_rolling_mean_10,0.8185077667236328,0.1091115248850737
19,sensor_12_rolling_mean_10,0.7965442657470703,0.03025777491397712
20,sensor_12_rolling_mean_5,0.7524696350097656,0.0544065474952338
21,sensor_20_rolling_mean_10,0.6831485748291015,0.028108439680935068
22,sensor_11_rolling_mean_10,0.6426654815673828,0.04298540576889624
23,sensor_11_rolling_mean_20,0.6187564849853515,0.05404354513676605
24,sensor_3_rolling_mean_20,0.574612808227539,0.0794801746179872
25,sensor_7_rolling_mean_5,0.5138904571533203,0.05535947999667861
26,sensor_7_rolling_mean_10,0.4666484832763672,0.03217697203251194
27,sensor_11,0.41932525634765627,0.03287659748831097
28,sensor_17_rolling_mean_10,0.4100837707519531,0.028300608751205346
29,sensor_13_rolling_mean_10,0.3854095458984375,0.03298580122012933
30,sensor_8_rolling_mean_10,0.3767086029052734,0.051787581230441186
31,sensor_9_rolling_mean_5,0.3715324401855469,0.06614970654236711
32,sensor_11_rolling_std_20,0.369287109375,0.039213461200209423
33,sensor_4,0.3661468505859375,0.02300280447868939
34,sensor_20_rolling_mean_5,0.3502048492431641,0.023960556617724744
35,sensor_4_rolling_mean_20,0.34308547973632814,0.06975924577554563
36,sensor_20_rolling_mean_20,0.3348365783691406,0.04996020072278825
37,sensor_7,0.27435760498046874,0.041769178599177344
38,sensor_12,0.2527183532714844,0.024370019268253044
39,sensor_2,0.24168701171875,0.02269125578565574
40,sensor_15_rolling_std_20,0.2378997802734375,0.051487777303972956
41,sensor_8_rolling_mean_5,0.23634262084960939,0.037550939403228865
42,sensor_13_rolling_std_20,0.22935256958007813,0.045362703566337204
43,sensor_3_rolling_mean_5,0.2095264434814453,0.02326569693654042
44,sensor_20_rolling_std_20,0.19831428527832032,0.024414198380330564
45,sensor_6_rolling_mean_20,0.18912582397460936,0.021530726017572537
46,sensor_7_rolling_std_20,0.17468528747558593,0.041218336872431566
47,sensor_21_rolling_mean_20,0.16717948913574218,0.03368652583965609
48,sensor_2_rolling_mean_20,0.16350173950195312,0.03655784837875261
49,sensor_17_rolling_mean_5,0.15698509216308593,0.006280606202481738
50,sensor_17_rolling_std_20,0.15395088195800782,0.028376129670540248
51,sensor_3,0.1469146728515625,0.00893066333381771
52,sensor_13_rolling_mean_5,0.13541221618652344,0.031190519844677207
53,sensor_8,0.13322525024414061,0.017035543552396695
54,sensor_3_rolling_std_20,0.11962814331054687,0.028910845359240725
55,sensor_21,0.10475578308105468,0.011620937274232024
56,sensor_6_rolling_std_10,0.1040008544921875,0.010171074647677284
57,sensor_12_rolling_std_20,0.10032615661621094,0.024577763762581004
58,sensor_14_rolling_std_20,0.09640274047851563,0.06973083621406088
59,sensor_15,0.09273872375488282,0.01561570325895085
60,sensor_20,0.08888397216796876,0.01310073770430897
61,sensor_13,0.08449554443359375,0.017812964220021075
62,sensor_17_rolling_mean_20,0.06326828002929688,0.05144443479680733
63,sensor_9_rolling_mean_20,0.051738739013671875,0.04239228374596045
64,sensor_14_rolling_mean_5,0.04152336120605469,0.01503601334558073
65,sensor_14_rolling_std_10,0.022050094604492188,0.020038517433091062
66,sensor_2_rolling_std_10,0.0217529296875,0.007386569662558967
67,sensor_13_delta_5,0.019671630859375,0.0032580946355171437
68,sensor_17,0.017539596557617186,0.010623665016972804
69,sensor_14_delta_5,0.016907882690429688,0.0037029348294529106
70,sensor_12_rolling_std_5,0.016067123413085936,0.009603427473774635
71,sensor_7_rolling_std_10,0.015375518798828125,0.005510429877901097
72,sensor_14,0.015272903442382812,0.009267842500174718
73,sensor_11_rolling_std_10,0.0140533447265625,0.011156944747658689
74,sensor_9_rolling_std_10,0.013143539428710938,0.010699108765851737
75,sensor_11_delta_5,0.01259765625,0.008934481728626752
76,sensor_13_rolling_std_5,0.010792160034179687,0.007980173667068003
77,sensor_9,0.010704421997070312,0.024089360158107365
78,sensor_8_rolling_std_10,0.010544967651367188,0.004836131802568384
79,sensor_14_rolling_mean_10,0.009362030029296874,0.050628153920281825
80,sensor_21_delta_1,0.008857345581054688,0.0021459434945492327
81,sensor_21_rolling_std_10,0.008803558349609376,0.009314991033900488
82,sensor_20_delta_5,0.008509445190429687,0.00711162876843478
83,sensor_8_rolling_std_5,0.008390426635742188,0.005273849804531136
84,sensor_17_rolling_std_10,0.008308792114257812,0.009802277996657392
85,setting_1,0.007988357543945312,0.01043657003550078
86,sensor_9_delta_5,0.0077056884765625,0.008797581752555983
87,sensor_6,0.00725250244140625,0.004084881712455091
88,sensor_8_delta_5,0.006692123413085937,0.009297788406954294
89,sensor_9_rolling_std_5,0.00648651123046875,0.009217554870239598
90,sensor_11_delta_1,0.005776214599609375,0.004203061352836411
91,sensor_15_delta_5,0.00564727783203125,0.0045542257254916965
92,sensor_14_rolling_std_5,0.005536270141601562,0.0029545377279283276
93,sensor_14_delta_1,0.004706192016601563,0.0034209512147172685
94,sensor_7_rolling_std_5,0.0045196533203125,0.0020638723567025373
95,sensor_4_delta_1,0.003733062744140625,0.0043974617286811025
96,sensor_13_delta_1,0.003055572509765625,0.0012937533263164297
97,sensor_3_delta_5,0.003009033203125,0.004374200528882821
98,sensor_2_rolling_std_5,0.0028507232666015623,0.0036256562540850027
99,sensor_11_rolling_std_5,0.0025096893310546874,0.0060289821468082145
100,sensor_3_delta_1,0.002452850341796875,0.0014850528754997625
101,sensor_2_delta_1,0.0023708343505859375,0.006149422736469989
102,sensor_2_delta_5,0.002191925048828125,0.002347011643586968
103,sensor_7_delta_1,0.0019756317138671874,0.0022158043982916566
104,sensor_21_delta_5,0.001396942138671875,0.00461625476671696
105,sensor_12_delta_5,0.001178741455078125,0.0065646753837124
106,sensor_15_delta_1,0.001062774658203125,0.0015482471326128484
107,setting_2,0.000658416748046875,0.00277592335407903
108,sensor_6_delta_1,0.000379180908203125,0.00048826694467570024
109,sensor_9_delta_1,0.0001743316650390625,0.004406625377709215
110,setting_3,0.0,0.0
111,sensor_6_delta_5,0.0,0.0
112,sensor_17_rolling_std_5,-0.0001934051513671875,0.0029867858179679803
113,sensor_17_delta_5,-0.00160064697265625,0.002970964845108008
114,sensor_12_delta_1,-0.002669525146484375,0.003203059028972487
115,sensor_8_delta_1,-0.003127288818359375,0.0016587488962058305
116,sensor_4_rolling_std_5,-0.0033962249755859373,0.003728509500485022
117,sensor_6_rolling_mean_5,-0.003554534912109375,0.0008924285118456012
118,sensor_4_delta_5,-0.00426483154296875,0.003576599005023419
119,sensor_17_delta_1,-0.004494476318359375,0.0034696072701658888
120,sensor_20_delta_1,-0.0047149658203125,0.0032116694995904496
121,sensor_9_rolling_std_20,-0.006328964233398437,0.05538072117876274
122,sensor_7_delta_5,-0.00666656494140625,0.004373144288136621
123,sensor_21_rolling_std_5,-0.008386993408203125,0.006722018473841468
124,sensor_3_rolling_std_5,-0.008911514282226562,0.007998713169680923
125,sensor_15_rolling_std_10,-0.009554290771484375,0.008295113841192876
126,sensor_20_rolling_std_5,-0.009823226928710937,0.008362210866575973
127,sensor_3_rolling_std_10,-0.013627243041992188,0.01563419897336584
128,sensor_21_rolling_std_20,-0.015952301025390626,0.019913512853561043
129,sensor_15_rolling_std_5,-0.02318229675292969,0.006373929409333258
130,sensor_20_rolling_std_10,-0.025469589233398437,0.012955065386547495
131,sensor_13_rolling_std_10,-0.032426071166992185,0.005928491405807825
132,sensor_12_rolling_std_10,-0.0401824951171875,0.008413705870768529
133,sensor_2_rolling_std_20,-0.04028663635253906,0.012493987157648235
134,sensor_6_rolling_mean_10,-0.0443695068359375,0.002619697235723673
135,sensor_4_rolling_std_10,-0.053362274169921876,0.005815089452633341
136,sensor_6_rolling_std_5,-0.07776412963867188,0.017364901829692587
137,sensor_4_rolling_std_20,-0.24806747436523438,0.05634536533712887
138,sensor_8_rolling_std_20,-0.2867404937744141,0.04254174693515708
