unit_id,samples,mean_actual_RUL,mean_predicted_RUL,MAE,RMSE,max_absolute_error
46,256,127.5,127.91048,43.33296850603074,52.665661156557896,129.12030029296875
84,267,133.0,91.92061,41.81653185819419,53.079651542459246,143.6100845336914
1,192,95.5,131.54497,38.9232619193693,48.51388904592821,123.99606323242188
31,234,116.5,130.78104,31.185175399494987,39.2916095188183,112.38349914550781
45,158,78.5,109.30929,31.00545128538639,36.18875340735616,114.27011108398438
77,154,76.5,103.618675,27.99489085163389,33.66360364887128,67.23367309570312
23,168,83.5,106.77524,25.565224326437427,32.65191352213638,70.02348327636719
54,257,128.0,107.657715,23.641244528764418,35.289264530823004,95.60684204101562
81,240,119.5,99.495636,22.89392264174918,30.416532272879,91.92550659179688
74,166,82.5,91.61255,17.827714378575244,21.856949768663075,59.78265380859375
5,269,134.0,119.02501,17.095691838284406,22.578140845043873,59.344818115234375
71,208,103.5,108.18169,16.544604076788975,23.097086543643794,67.26913452148438
78,231,115.0,129.82123,16.29532355366847,21.64236279149261,71.58393859863281
40,188,93.5,78.75732,16.175456490922482,23.43143424670045,73.41645812988281
19,158,78.5,88.52555,14.984044545813452,21.21285861914436,55.86479187011719
11,240,119.5,112.88561,14.030180220802626,18.83212355167132,59.85627746582031
13,163,81.0,91.905075,12.796120312316287,17.917336730173687,124.078369140625
34,195,97.0,89.44306,11.54675916158236,15.613440556936437,48.971771240234375
32,191,95.0,89.327614,11.210099030539627,14.374646500458082,44.60279846191406
91,135,67.0,72.07759,7.77436569708365,11.884908872938727,50.19520568847656
