final_rank,feature,xgb_rank,xgb_importance,permutation_rank,importance_mean,importance_std,rank_difference,xgb_importance_normalized,permutation_importance_normalized,combined_importance
1,sensor_4_rolling_mean_5,1,0.18224959,1,3.74848747253418,0.1042827999774772,0,1.0,1.0,1.0
2,sensor_11_rolling_mean_5,2,0.092307314,2,3.3939884185791014,0.1194358747341293,0,0.5064884590412522,0.9054287745250438,0.705958616783148
3,sensor_4_rolling_mean_10,4,0.058884606,3,2.571722412109375,0.0991837927928153,1,0.32309870216991987,0.6860693628971238,0.5045840325335218
4,sensor_21_rolling_mean_10,6,0.046525314,6,1.5210456848144531,0.0919423911774391,0,0.2552835043414913,0.40577584851474613,0.3305296764281187
5,sensor_15_rolling_mean_10,5,0.054652516,9,1.1203128814697263,0.016556631567679,4,0.29987730562247084,0.29887064840911265,0.2993739770157917
6,sensor_15_rolling_mean_5,3,0.062129885,13,0.9617881774902344,0.0198231235064187,10,0.3409054857133012,0.2565803366124133,0.2987429111628572
7,sensor_2_rolling_mean_10,12,0.017739078,4,1.8744823455810544,0.0375099820613948,8,0.09733398028494879,0.5000636548249695,0.29869881755495914
8,sensor_3_rolling_mean_10,10,0.021180047,5,1.7490501403808594,0.0336888659813602,5,0.11621451109986038,0.4666015701523492,0.2914080406261048
9,sensor_20_rolling_mean_10,7,0.038931943,21,0.6831485748291015,0.028108439680935,14,0.21361882350462352,0.18224646069505365,0.19793264209983857
10,sensor_13_rolling_mean_20,21,0.0072322707,7,1.3073333740234374,0.0941018815038769,14,0.03968333042614801,0.3487629033316762,0.1942231168789121
11,sensor_9_rolling_mean_10,8,0.02659006,18,0.8185077667236328,0.1091115248850737,10,0.14589914852483343,0.2183568099722839,0.18212797924855867
12,sensor_6_rolling_std_20,14,0.012733535,10,1.0964469909667969,0.0987981297010852,4,0.06986866198162642,0.2925038429501645,0.18118625246589548
13,sensor_21_rolling_mean_5,9,0.021424172,16,0.8879756927490234,0.0508320892066232,7,0.11755402028613617,0.2368890650576735,0.17722154267190482
14,sensor_12_rolling_mean_20,44,0.0046947594,8,1.1648265838623046,0.0828943498767014,36,0.025760054659107877,0.31074575876195176,0.1682529067105298
15,sensor_14_rolling_mean_20,16,0.009901548,12,0.9854721069335938,0.1213292360061577,4,0.05432960370445827,0.2628985995429675,0.1586141016237129
16,sensor_8_rolling_mean_20,18,0.008921156,11,1.0042015075683597,0.1006876258410994,7,0.048950211630105725,0.2678951216794291,0.1584226666547674
17,sensor_2_rolling_mean_5,20,0.007732009,15,0.9262989044189454,0.0390854120971141,5,0.042425384880152545,0.24711271178204505,0.1447690483310988
18,sensor_7_rolling_mean_20,17,0.009358669,17,0.8733982086181641,0.0648000839818404,0,0.05135083705812452,0.23300016740557483,0.1421755022318497
19,sensor_15_rolling_mean_20,58,0.0034256573,14,0.9276817321777344,0.0815172641090895,44,0.01879651581109181,0.2474816146445786,0.1331390652278352
20,sensor_12_rolling_mean_10,56,0.0035185623,19,0.7965442657470703,0.0302577749139771,37,0.019306283761735762,0.21249751308587495,0.11590189842380536
21,sensor_12_rolling_mean_5,60,0.0031989324,20,0.7524696350097656,0.0544065474952338,40,0.017552480639325446,0.2007395357522845,0.10914600819580497
22,sensor_9_rolling_mean_5,11,0.019426242,31,0.3715324401855469,0.0661497065423671,20,0.10659141674886621,0.09911529461091433,0.10285335567989026
23,sensor_11_rolling_mean_10,36,0.005092268,22,0.6426654815673828,0.0429854057688962,14,0.027941176712660918,0.17144661314098142,0.09969389492682117
24,sensor_3_rolling_mean_20,22,0.00673221,24,0.574612808227539,0.0794801746179872,2,0.03693950696953557,0.15329191105421242,0.095115709011874
25,sensor_11_rolling_mean_20,47,0.004311121,23,0.6187564849853515,0.054043545136766,24,0.023655038126560397,0.16506830808935283,0.09436167310795661
26,sensor_7_rolling_mean_5,31,0.0056985887,25,0.5138904571533203,0.0553594799966786,6,0.031268046748417926,0.13709275032094545,0.08418039853468169
27,sensor_7_rolling_mean_10,27,0.006292448,26,0.4666484832763672,0.0321769720325119,1,0.03452654132171162,0.12448980734111607,0.07950817433141384
28,sensor_11,19,0.008101669,27,0.4193252563476562,0.0328765974883109,8,0.044453702200372584,0.11186518813791571,0.07815944516914415
29,sensor_8_rolling_mean_10,24,0.0065546664,30,0.3767086029052734,0.0517875812304411,6,0.03596532864628118,0.10049616162931926,0.06823074513780022
30,sensor_13_rolling_mean_10,30,0.005737878,29,0.3854095458984375,0.0329858012201293,1,0.031483626382918066,0.10281734932353391,0.06715048785322598
31,sensor_4,26,0.0063376343,33,0.3661468505859375,0.0230028044786893,7,0.034774477681952534,0.09767855789001809,0.06622651778598532
32,sensor_17_rolling_mean_10,52,0.003801283,28,0.4100837707519531,0.0283006087512053,24,0.02085756681263316,0.10939979758681555,0.06512868219972436
33,sensor_20_rolling_mean_5,25,0.0064943237,34,0.3502048492431641,0.0239605566177247,9,0.03563422941033777,0.09342564215811736,0.06452993578422755
34,sensor_4_rolling_mean_20,40,0.004889139,35,0.3430854797363281,0.0697592457755456,5,0.02682661179100595,0.0915263775723342,0.05917649468167008
35,sensor_20_rolling_mean_20,41,0.0048658433,36,0.3348365783691406,0.0499602007227882,5,0.026698788732528834,0.08932578295180295,0.05801228584216589
36,sensor_11_rolling_std_20,61,0.0030604377,32,0.369287109375,0.0392134612002094,29,0.016792562880388374,0.09851629812846671,0.05765443050442754
37,sensor_6_rolling_mean_20,15,0.010566868,45,0.1891258239746093,0.0215307260175725,30,0.05798020176616035,0.05045390317037662,0.05421705246826848
38,sensor_15_rolling_std_20,34,0.0052763917,40,0.2378997802734375,0.0514877773039729,6,0.028951459918236305,0.06346553963873978,0.046208499778488045
39,sensor_9_rolling_mean_20,13,0.012875468,63,0.0517387390136718,0.0423922837459604,50,0.07064744562662666,0.013802564205635083,0.04222500491613087
40,sensor_7,68,0.0020361627,37,0.2743576049804687,0.0417691785991773,31,0.011172385627863416,0.0731915491223419,0.04218196737510266
41,sensor_13_rolling_std_20,51,0.0038288091,42,0.2293525695800781,0.0453627035663372,9,0.021008601994660182,0.06118536376620818,0.04109698288043418
42,sensor_12,66,0.002139826,38,0.2527183532714844,0.024370019268253,28,0.011741184163980836,0.06741875359680291,0.03957996888039187
43,sensor_21_rolling_mean_20,28,0.006184662,47,0.1671794891357421,0.033686525839656,19,0.033935121609875774,0.04459918576777842,0.03926715368882709
44,sensor_8_rolling_mean_5,63,0.002593394,41,0.2363426208496093,0.0375509394032288,22,0.014229903068643393,0.06305012957395024,0.03864001632129682
45,sensor_2,67,0.0021155565,39,0.24168701171875,0.0226912557856557,28,0.011608017883606762,0.06447587553370067,0.03804194670865371
46,sensor_3_rolling_mean_5,53,0.0036468059,43,0.2095264434814453,0.0232656969365404,10,0.020009953931857952,0.05589626349739248,0.03795310871462522
47,sensor_20_rolling_std_20,57,0.0035144219,44,0.1983142852783203,0.0244141983803305,13,0.019283565466457292,0.05290514820481689,0.036094356835637095
48,sensor_17_rolling_mean_5,42,0.0048526763,49,0.1569850921630859,0.0062806062024817,7,0.026626541656417445,0.04187958298202755,0.034253062319222496
49,sensor_7_rolling_std_20,54,0.0036078945,46,0.1746852874755859,0.0412183368724315,8,0.01979644782739978,0.04660153962245716,0.03319899372492847
50,sensor_2_rolling_mean_20,48,0.0041130073,48,0.1635017395019531,0.0365578483787526,0,0.022567992059680353,0.04361805680289951,0.03309302443128993
51,sensor_13_rolling_mean_5,45,0.004526718,52,0.1354122161865234,0.0311905198446772,7,0.02483801472475192,0.03612449479389014,0.03048125475932103
52,sensor_17_rolling_std_20,55,0.0035415986,50,0.1539508819580078,0.0283761296705402,5,0.019432683497394975,0.041070133776898735,0.030251408637146857
53,sensor_6_rolling_std_10,29,0.005921061,56,0.1040008544921875,0.0101710746476772,27,0.03248874798566077,0.027744751784344983,0.030116749885002875
54,sensor_3_rolling_std_20,37,0.005065178,54,0.1196281433105468,0.0289108453592407,17,0.027792534402958056,0.031913710313048405,0.02985312235800323
55,sensor_14_rolling_std_20,33,0.0052834456,58,0.0964027404785156,0.0697308362140608,25,0.028990164532057383,0.025717770483395037,0.027353967507726208
56,sensor_12_rolling_std_20,50,0.0038439815,57,0.1003261566162109,0.024577763762581,7,0.021091852662055374,0.026764436949921297,0.023928144805988337
57,sensor_3,72,0.0015496921,51,0.1469146728515625,0.0089306633338177,21,0.008503130788936206,0.03919305424602106,0.023848092517478634
58,sensor_8,77,0.0014258217,53,0.1332252502441406,0.0170355435523966,24,0.007823456283221269,0.03554106855639913,0.0216822624198102
59,sensor_17_rolling_mean_20,43,0.0047881017,62,0.0632682800292968,0.0514444347968073,19,0.026272222066452935,0.016878349065556304,0.021575285566004618
60,sensor_21,65,0.0021921925,55,0.1047557830810546,0.011620937274232,10,0.012028518143717087,0.027946147305711558,0.019987332724714323
61,sensor_14_rolling_mean_5,46,0.004353582,64,0.0415233612060546,0.0150360133455807,18,0.02388802081804409,0.011077364273004375,0.01748269254552423
62,sensor_15,73,0.0015401487,59,0.0927387237548828,0.0156157032589508,14,0.00845076633642907,0.024740305105564728,0.0165955357209969
63,sensor_20,70,0.0015873205,60,0.0888839721679687,0.0131007377043089,10,0.008709597097035995,0.0237119565742815,0.016210776835658747
64,sensor_14_rolling_mean_10,38,0.004925988,79,0.0093620300292968,0.0506281539202818,41,0.027028801546275086,0.0024975487040823858,0.014763175125178735
65,sensor_13,86,0.001205385,61,0.0844955444335937,0.017812964220021,25,0.006613924344082201,0.022541236979637055,0.014577580661859628
66,sensor_9_rolling_std_20,35,0.005219232,121,-0.0063289642333984,0.0553807211787627,86,0.02863782574215942,-0.0016884047978742952,0.013474710472142562
67,sensor_9,49,0.004057533,77,0.0107044219970703,0.0240893601581073,28,0.02226360564103327,0.0028556643380839505,0.01255963498955861
68,sensor_2_rolling_std_10,79,0.0013655561,66,0.0217529296875,0.0073865696625589,13,0.007492780093497056,0.005803121884996949,0.006647950989247002
69,sensor_14_rolling_std_10,80,0.0013509803,65,0.0220500946044921,0.020038517433091,15,0.007412802958843419,0.005882397838076553,0.0066476003984599855
70,sensor_11_delta_5,69,0.0017241449,75,0.01259765625,0.0089344817286267,6,0.009460349951953254,0.003360730519257492,0.006410540235605373
71,sensor_11_rolling_std_10,71,0.0015745094,73,0.0140533447265625,0.0111569447476586,2,0.008639302837389099,0.003749070746410066,0.006194186791899582
72,sensor_21_rolling_std_20,62,0.0028456142,128,-0.0159523010253906,0.019913512853561,66,0.01561383046184082,-0.004255663422187185,0.005679083519826817
73,sensor_7_rolling_std_10,82,0.0013055723,71,0.0153755187988281,0.005510429877901,11,0.007163650134960523,0.004101792766145599,0.005632721450553061
74,sensor_14,85,0.0012686914,72,0.0152729034423828,0.0092678425001747,13,0.006961285345004069,0.004074417629587939,0.005517851487296005
75,sensor_8_rolling_std_10,75,0.001490489,78,0.0105449676513671,0.0048361318025683,3,0.008178284516305359,0.0028131260217973014,0.00549570526905133
76,sensor_12_rolling_std_5,88,0.0011680427,70,0.0160671234130859,0.0096034274737746,18,0.006409027861187507,0.004286295080565831,0.005347661470876669
77,sensor_9_rolling_std_10,84,0.0012703313,74,0.0131435394287109,0.0106991087658517,10,0.00697028344480775,0.003506358104439697,0.005238320774623724
78,sensor_21_rolling_std_10,81,0.0013325878,81,0.0088035583496093,0.0093149910339004,0,0.007311883664594252,0.002348562830772279,0.004830223247683265
79,sensor_13_delta_5,107,0.0007454226,67,0.019671630859375,0.0032580946355171,40,0.0040901194894320475,0.005247884914518846,0.004669002201975447
80,sensor_6_rolling_std_5,32,0.005478408,136,-0.0777641296386718,0.0173649018296925,104,0.03005991947636206,-0.020745468727977112,0.004657225374192473
81,sensor_17,109,0.0007386558,68,0.0175395965576171,0.0106236650169728,41,0.004052990187796856,0.0046791130252222465,0.004366051606509552
82,sensor_14_delta_5,114,0.00068823615,69,0.0169078826904296,0.0037029348294529,45,0.0037763385366189305,0.004510588020986224,0.004143463278802577
83,sensor_17_rolling_std_10,91,0.0011009125,84,0.0083087921142578,0.0098022779966573,7,0.0060406857431064736,0.002216571930715459,0.004128628836910966
84,sensor_13_rolling_std_5,94,0.0009734964,76,0.0107921600341796,0.007980173667068,18,0.005341556049591113,0.0028790705886722672,0.004110313319131691
85,sensor_8_delta_5,92,0.0010171272,88,0.0066921234130859,0.0092977884069542,4,0.005580957411207344,0.001785286322048627,0.0036831218666279857
86,sensor_9_rolling_std_5,97,0.00094171334,89,0.0064865112304687,0.0092175548702395,8,0.005167163009804302,0.0017304342826263916,0.0034487986462153467
87,sensor_6_rolling_mean_10,59,0.0034070828,134,-0.0443695068359375,0.0026196972357236,75,0.01869459788633818,-0.011836642688828653,0.0034289775987547634
88,sensor_14_rolling_std_5,95,0.00095448765,92,0.0055362701416015,0.0029545377279283,3,0.0052372554034277935,0.0014769344121240138,0.0033570949077759036
89,sensor_9_delta_5,104,0.0007644407,86,0.0077056884765625,0.0087975817525559,18,0.004194471438865789,0.002055679399497376,0.0031250754191815824
90,sensor_8_rolling_std_5,111,0.0007128782,83,0.0083904266357421,0.0052738498045311,28,0.003911548991687718,0.002238349920393283,0.0030749494560405005
91,sensor_20_delta_5,115,0.0006794529,82,0.0085094451904296,0.0071116287684347,33,0.0037281450125621683,0.0022701010081478956,0.002999123010355032
92,sensor_12_delta_5,93,0.0010090468,105,0.0011787414550781,0.0065646753837124,12,0.005536620411601475,0.0003144578883389484,0.0029255391499702116
93,sensor_15_rolling_std_10,74,0.0015212422,125,-0.0095542907714843,0.0082951138411928,51,0.008347026734051912,-0.0025488389227629146,0.002899093905644499
94,setting_1,123,0.0005926874,85,0.0079883575439453,0.0104365700355007,38,0.003252064380501487,0.0021310882329145784,0.0026915763067080324
95,sensor_11_delta_1,116,0.00067810673,90,0.0057762145996093,0.0042030613528364,26,0.0037207586036270375,0.0015409454191677653,0.0026308520113974016
96,sensor_15_delta_5,120,0.00067022,91,0.0056472778320312,0.0045542257254916,29,0.003677484267591494,0.0015065484074336083,0.0025920163375125513
97,sensor_6_delta_1,98,0.0009041236,108,0.0003791809082031,0.0004882669446757,10,0.004960908828382001,0.00010115570906436915,0.002531032268723185
98,sensor_11_rolling_std_5,102,0.0007983493,99,0.0025096893310546,0.0060289821468082,3,0.00438052727580896,0.0006695205331333051,0.002525023904471133
99,sensor_14_delta_1,118,0.00067410304,93,0.0047061920166015,0.0034209512147172,25,0.0036987904334928818,0.0012554909282969698,0.0024771406808949256
100,sensor_2_delta_5,105,0.0007592685,102,0.0021919250488281,0.0023470116435869,3,0.004166091676804321,0.0005847491994807816,0.0023754204381425514
101,sensor_4_delta_1,119,0.00067388493,95,0.0037330627441406,0.0043974617286811,24,0.003697593668111956,0.0009958850793802567,0.002346739373746106
102,sensor_7_rolling_std_5,121,0.00062718074,94,0.0045196533203125,0.0020638723567025,27,0.003441328674594001,0.001205727204220045,0.002323527939407023
103,sensor_21_delta_1,135,0.00041046066,80,0.0088573455810546,0.0021459434945492,55,0.0022521897580126244,0.002362911880045995,0.00230755081902931
104,sensor_2_rolling_std_5,117,0.000676199,98,0.0028507232666015,0.003625656254085,19,0.003710290925757364,0.0007604996115071065,0.002235395268632235
105,sensor_3_rolling_std_10,76,0.0014638114,127,-0.0136272430419921,0.0156341989733658,51,0.00803190503748184,-0.003635397781596252,0.002198253627942794
106,sensor_21_delta_5,110,0.0007313592,104,0.0013969421386718,0.0046162547667169,6,0.004012953883737132,0.00037266821588905874,0.0021928110498130953
107,sensor_6,136,0.0003992007,87,0.0072525024414062,0.004084881712455,49,0.002190406573754158,0.0019347810268932595,0.002062593800323709
108,sensor_17_rolling_std_5,106,0.0007497202,112,-0.0001934051513671,0.0029867858179679,6,0.004113700338091296,-5.1595517601222676e-05,0.0020310524102450365
109,sensor_21_rolling_std_5,89,0.0011375791,123,-0.0083869934082031,0.0067220184738414,34,0.006241874673078826,-0.0022374340236311473,0.0020022203247238393
110,sensor_3_delta_1,125,0.00056453847,100,0.0024528503417968,0.0014850528754997,25,0.003097611742226691,0.0006543573534043427,0.0018759845478155167
111,sensor_3_delta_5,128,0.0005285075,97,0.003009033203125,0.0043742005288828,31,0.002899910501856273,0.0008027326288730347,0.001851321565364654
112,sensor_4_rolling_std_5,101,0.00081397465,116,-0.0033962249755859,0.003728509500485,15,0.0044662632711546845,-0.0009060254303824226,0.0017801189203861308
113,sensor_13_delta_1,131,0.00049760507,96,0.0030555725097656,0.0012937533263164,35,0.002730349461965868,0.000815148118315537,0.0017727487901407024
114,sensor_17_delta_1,99,0.00085176155,119,-0.0044944763183593,0.0034696072701658,20,0.004673599265710282,-0.0011990106279642415,0.0017372943188730203
115,sensor_7_delta_1,130,0.00050446874,103,0.0019756317138671,0.0022158043982916,27,0.0027680102874305507,0.0005270477034651702,0.0016475289954478605
116,sensor_20_delta_1,100,0.00082747923,120,-0.0047149658203125,0.0032116694995904,20,0.004540362642242433,-0.0012578315533558202,0.0016412655444433062
117,sensor_6_rolling_mean_5,108,0.0007395728,117,-0.0035545349121093,0.0008924285118456,9,0.004058021749184731,-0.000948258447748324,0.0015548816507182034
118,sensor_2_delta_1,134,0.00041996964,101,0.0023708343505859,0.0061494227364699,33,0.0023043653486408393,0.0006324775974196035,0.0014684214730302215
119,sensor_9_delta_1,129,0.00050835125,109,0.000174331665039,0.0044066253777092,20,0.002789313545232118,4.650720225593882e-05,0.0014179103737440284
120,sensor_4_delta_5,113,0.0006988426,118,-0.0042648315429687,0.0035765990050234,5,0.003834535924058869,-0.0011377473112069501,0.0013483943064259594
121,sensor_15_delta_1,133,0.000432339,106,0.0010627746582031,0.0015482471326128,27,0.0023722357893918994,0.0002835209310395819,0.0013278783602157407
122,setting_2,132,0.00045025806,107,0.0006584167480468,0.002775923354079,25,0.0024705573274540703,0.00017564864571940924,0.0013231029865867399
123,sensor_17_delta_5,126,0.0005541174,113,-0.0016006469726562,0.002970964845108,13,0.0030404315312862985,-0.0004270114237767683,0.0013067100537547652
124,sensor_20_rolling_std_5,96,0.0009465857,126,-0.0098232269287109,0.0083622108665759,30,0.00519389755554457,-0.0026205841691315213,0.0012866566932065243
125,sensor_12_delta_1,124,0.0005802894,114,-0.0026695251464843,0.0032030590289724,10,0.003184036792620494,-0.0007121606157268432,0.0012359380884468254
126,sensor_2_rolling_std_20,64,0.0024047194,133,-0.040286636352539,0.0124939871576482,69,0.013194649162173699,-0.010747437906015744,0.0012236056280789777
127,sensor_7_delta_5,112,0.0007112034,122,-0.0066665649414062,0.0043731442881366,10,0.0039023593962543347,-0.0017784679794859344,0.0010619457083842002
128,sensor_8_delta_1,127,0.0005298862,115,-0.0031272888183593,0.0016587488962058,12,0.0029074754022766253,-0.000834280184013816,0.0010365976091314046
129,sensor_3_rolling_std_5,122,0.000625735,124,-0.0089115142822265,0.0079987131696809,2,0.003433395926981235,-0.0023773626956266267,0.0005280166156773041
130,setting_3,137,0.0,110,0.0,0.0,27,0.0,0.0,0.0
131,sensor_6_delta_5,138,0.0,111,0.0,0.0,27,0.0,0.0,0.0
132,sensor_20_rolling_std_10,90,0.0011277054,130,-0.0254695892333984,0.0129550653865474,40,0.006187697870815512,-0.006794631013180252,-0.0003034665711823697
133,sensor_13_rolling_std_10,78,0.0013871085,131,-0.0324260711669921,0.0059284914058078,53,0.007611037698356414,-0.008650441385914602,-0.0005197018437790944
134,sensor_15_rolling_std_5,103,0.0007720099,129,-0.0231822967529296,0.0063739294093332,26,0.00423600349388989,-0.006184440236972998,-0.0009742183715415538
135,sensor_12_rolling_std_10,83,0.0012739798,132,-0.0401824951171875,0.0084137058707685,49,0.006990302694233771,-0.010719655704230476,-0.0018646765049983526
136,sensor_4_rolling_std_10,87,0.0011815445,135,-0.0533622741699218,0.0058150894526333,48,0.006483111978468649,-0.014235681607826215,-0.003876284814678783
137,sensor_4_rolling_std_20,39,0.004915243,137,-0.2480674743652343,0.0563453653371288,98,0.02696984393764617,-0.06617801878300723,-0.019604087422680532
138,sensor_8_rolling_std_20,23,0.006670441,138,-0.2867404937744141,0.042541746935157,115,0.03660058165288602,-0.07649498521081144,-0.019947201778962708
