rank,feature,importance
1,sensor_4_rolling_mean_5,0.18224959
2,sensor_11_rolling_mean_5,0.092307314
3,sensor_15_rolling_mean_5,0.062129885
4,sensor_4_rolling_mean_10,0.058884606
5,sensor_15_rolling_mean_10,0.054652516
6,sensor_21_rolling_mean_10,0.046525314
7,sensor_20_rolling_mean_10,0.038931943
8,sensor_9_rolling_mean_10,0.02659006
9,sensor_21_rolling_mean_5,0.021424172
10,sensor_3_rolling_mean_10,0.021180047
11,sensor_9_rolling_mean_5,0.019426242
12,sensor_2_rolling_mean_10,0.017739078
13,sensor_9_rolling_mean_20,0.012875468
14,sensor_6_rolling_std_20,0.012733535
15,sensor_6_rolling_mean_20,0.010566868
16,sensor_14_rolling_mean_20,0.009901548
17,sensor_7_rolling_mean_20,0.009358669
18,sensor_8_rolling_mean_20,0.008921156
19,sensor_11,0.008101669
20,sensor_2_rolling_mean_5,0.007732009
21,sensor_13_rolling_mean_20,0.0072322707
22,sensor_3_rolling_mean_20,0.00673221
23,sensor_8_rolling_std_20,0.006670441
24,sensor_8_rolling_mean_10,0.0065546664
25,sensor_20_rolling_mean_5,0.0064943237
26,sensor_4,0.0063376343
27,sensor_7_rolling_mean_10,0.006292448
28,sensor_21_rolling_mean_20,0.006184662
29,sensor_6_rolling_std_10,0.005921061
30,sensor_13_rolling_mean_10,0.005737878
31,sensor_7_rolling_mean_5,0.0056985887
32,sensor_6_rolling_std_5,0.005478408
33,sensor_14_rolling_std_20,0.0052834456
34,sensor_15_rolling_std_20,0.0052763917
35,sensor_9_rolling_std_20,0.005219232
36,sensor_11_rolling_mean_10,0.005092268
37,sensor_3_rolling_std_20,0.005065178
38,sensor_14_rolling_mean_10,0.004925988
39,sensor_4_rolling_std_20,0.004915243
40,sensor_4_rolling_mean_20,0.004889139
41,sensor_20_rolling_mean_20,0.0048658433
42,sensor_17_rolling_mean_5,0.0048526763
43,sensor_17_rolling_mean_20,0.0047881017
44,sensor_12_rolling_mean_20,0.0046947594
45,sensor_13_rolling_mean_5,0.004526718
46,sensor_14_rolling_mean_5,0.004353582
47,sensor_11_rolling_mean_20,0.004311121
48,sensor_2_rolling_mean_20,0.0041130073
49,sensor_9,0.004057533
50,sensor_12_rolling_std_20,0.0038439815
51,sensor_13_rolling_std_20,0.0038288091
52,sensor_17_rolling_mean_10,0.003801283
53,sensor_3_rolling_mean_5,0.0036468059
54,sensor_7_rolling_std_20,0.0036078945
55,sensor_17_rolling_std_20,0.0035415986
56,sensor_12_rolling_mean_10,0.0035185623
57,sensor_20_rolling_std_20,0.0035144219
58,sensor_15_rolling_mean_20,0.0034256573
59,sensor_6_rolling_mean_10,0.0034070828
60,sensor_12_rolling_mean_5,0.0031989324
61,sensor_11_rolling_std_20,0.0030604377
62,sensor_21_rolling_std_20,0.0028456142
63,sensor_8_rolling_mean_5,0.002593394
64,sensor_2_rolling_std_20,0.0024047194
65,sensor_21,0.0021921925
66,sensor_12,0.002139826
67,sensor_2,0.0021155565
68,sensor_7,0.0020361627
69,sensor_11_delta_5,0.0017241449
70,sensor_20,0.0015873205
71,sensor_11_rolling_std_10,0.0015745094
72,sensor_3,0.0015496921
73,sensor_15,0.0015401487
74,sensor_15_rolling_std_10,0.0015212422
75,sensor_8_rolling_std_10,0.001490489
76,sensor_3_rolling_std_10,0.0014638114
77,sensor_8,0.0014258217
78,sensor_13_rolling_std_10,0.0013871085
79,sensor_2_rolling_std_10,0.0013655561
80,sensor_14_rolling_std_10,0.0013509803
81,sensor_21_rolling_std_10,0.0013325878
82,sensor_7_rolling_std_10,0.0013055723
83,sensor_12_rolling_std_10,0.0012739798
84,sensor_9_rolling_std_10,0.0012703313
85,sensor_14,0.0012686914
86,sensor_13,0.001205385
87,sensor_4_rolling_std_10,0.0011815445
88,sensor_12_rolling_std_5,0.0011680427
89,sensor_21_rolling_std_5,0.0011375791
90,sensor_20_rolling_std_10,0.0011277054
91,sensor_17_rolling_std_10,0.0011009125
92,sensor_8_delta_5,0.0010171272
93,sensor_12_delta_5,0.0010090468
94,sensor_13_rolling_std_5,0.0009734964
95,sensor_14_rolling_std_5,0.00095448765
96,sensor_20_rolling_std_5,0.0009465857
97,sensor_9_rolling_std_5,0.00094171334
98,sensor_6_delta_1,0.0009041236
99,sensor_17_delta_1,0.00085176155
100,sensor_20_delta_1,0.00082747923
101,sensor_4_rolling_std_5,0.00081397465
102,sensor_11_rolling_std_5,0.0007983493
103,sensor_15_rolling_std_5,0.0007720099
104,sensor_9_delta_5,0.0007644407
105,sensor_2_delta_5,0.0007592685
106,sensor_17_rolling_std_5,0.0007497202
107,sensor_13_delta_5,0.0007454226
108,sensor_6_rolling_mean_5,0.0007395728
109,sensor_17,0.0007386558
110,sensor_21_delta_5,0.0007313592
111,sensor_8_rolling_std_5,0.0007128782
112,sensor_7_delta_5,0.0007112034
113,sensor_4_delta_5,0.0006988426
114,sensor_14_delta_5,0.00068823615
115,sensor_20_delta_5,0.0006794529
116,sensor_11_delta_1,0.00067810673
117,sensor_2_rolling_std_5,0.000676199
118,sensor_14_delta_1,0.00067410304
119,sensor_4_delta_1,0.00067388493
120,sensor_15_delta_5,0.00067022
121,sensor_7_rolling_std_5,0.00062718074
122,sensor_3_rolling_std_5,0.000625735
123,setting_1,0.0005926874
124,sensor_12_delta_1,0.0005802894
125,sensor_3_delta_1,0.00056453847
126,sensor_17_delta_5,0.0005541174
127,sensor_8_delta_1,0.0005298862
128,sensor_3_delta_5,0.0005285075
129,sensor_9_delta_1,0.00050835125
130,sensor_7_delta_1,0.00050446874
131,sensor_13_delta_1,0.00049760507
132,setting_2,0.00045025806
133,sensor_15_delta_1,0.000432339
134,sensor_2_delta_1,0.00041996964
135,sensor_21_delta_1,0.00041046066
136,sensor_6,0.0003992007
137,setting_3,0.0
138,sensor_6_delta_5,0.0
